scenario,mode,policy,survived,failure_step,safety_violations,total_energy,active_steps,command_events,certificates
1,humid_heat,bellman,1,,0,72.065941,48,48,"{""bellman"": 48}"
1,humid_heat,event_v041,1,,0,59.155122,13,9,"{""coherence_event"": 2, ""isaacs_escalation"": 7, ""recovery_stop"": 35, ""recovery_taper"": 4}"
2,humid_heat,bellman,1,,0,74.651935,48,48,"{""bellman"": 48}"
2,humid_heat,event_v041,1,,0,59.93028,16,9,"{""coherence_event"": 3, ""isaacs_escalation"": 7, ""recovery_stop"": 32, ""recovery_taper"": 6}"
3,humid_heat,bellman,1,,0,73.243209,48,48,"{""bellman"": 48}"
3,humid_heat,event_v041,1,,0,59.472765,17,6,"{""coherence_event"": 3, ""isaacs_escalation"": 5, ""recovery_stop"": 31, ""recovery_taper"": 9}"
4,humid_heat,bellman,1,,0,81.53772,48,48,"{""bellman"": 48}"
4,humid_heat,event_v041,1,,0,60.063569,20,7,"{""coherence_event"": 5, ""isaacs_escalation"": 5, ""recovery_lockout"": 2, ""recovery_stop"": 28, ""recovery_taper"": 8}"
5,humid_heat,bellman,1,,0,77.484939,48,48,"{""bellman"": 48}"
5,humid_heat,event_v041,1,,0,59.825477,23,6,"{""coherence_event"": 5, ""isaacs_escalation"": 5, ""recovery_lockout"": 3, ""recovery_stop"": 25, ""recovery_taper"": 10}"
6,humid_heat,bellman,1,,0,73.388881,48,48,"{""bellman"": 48}"
6,humid_heat,event_v041,1,,0,60.534079,23,6,"{""coherence_event"": 4, ""isaacs_escalation"": 6, ""recovery_lockout"": 1, ""recovery_stop"": 25, ""recovery_taper"": 12}"
7,humid_heat,bellman,1,,0,74.652192,48,48,"{""bellman"": 48}"
7,humid_heat,event_v041,1,,0,58.362003,16,6,"{""coherence_event"": 3, ""isaacs_escalation"": 5, ""recovery_stop"": 32, ""recovery_taper"": 8}"
8,humid_heat,bellman,1,,0,73.403946,48,48,"{""bellman"": 48}"
8,humid_heat,event_v041,1,,0,57.788653,16,6,"{""coherence_event"": 3, ""isaacs_escalation"": 5, ""recovery_lockout"": 1, ""recovery_stop"": 32, ""recovery_taper"": 7}"
9,humid_heat,bellman,1,,0,81.733194,48,48,"{""bellman"": 48}"
9,humid_heat,event_v041,1,,0,59.160953,18,7,"{""coherence_event"": 3, ""isaacs_escalation"": 6, ""recovery_lockout"": 2, ""recovery_stop"": 30, ""recovery_taper"": 7}"
10,humid_heat,bellman,1,,0,75.979032,48,48,"{""bellman"": 48}"
10,humid_heat,event_v041,1,,0,59.366508,19,8,"{""coherence_event"": 4, ""isaacs_escalation"": 7, ""recovery_lockout"": 2, ""recovery_stop"": 29, ""recovery_taper"": 6}"
11,humid_heat,bellman,1,,0,73.76074,48,48,"{""bellman"": 48}"
11,humid_heat,event_v041,1,,0,60.602867,19,8,"{""coherence_event"": 2, ""isaacs_escalation"": 8, ""recovery_lockout"": 1, ""recovery_stop"": 29, ""recovery_taper"": 8}"
12,humid_heat,bellman,1,,0,75.998397,48,48,"{""bellman"": 48}"
12,humid_heat,event_v041,1,,0,61.200805,23,7,"{""coherence_event"": 4, ""isaacs_escalation"": 7, ""recovery_lockout"": 4, ""recovery_stop"": 25, ""recovery_taper"": 8}"
13,sawtooth_load,bellman,1,,0,89.413065,48,48,"{""bellman"": 48}"
13,sawtooth_load,event_v041,1,,0,73.535997,23,6,"{""coherence_event"": 5, ""isaacs_escalation"": 7, ""recovery_lockout"": 1, ""recovery_stop"": 25, ""recovery_taper"": 10}"
14,sawtooth_load,bellman,1,,0,92.106022,48,48,"{""bellman"": 48}"
14,sawtooth_load,event_v041,1,,0,74.931011,25,5,"{""coherence_event"": 4, ""isaacs_escalation"": 8, ""recovery_lockout"": 1, ""recovery_stop"": 23, ""recovery_taper"": 12}"
15,sawtooth_load,bellman,1,,0,90.381381,48,48,"{""bellman"": 48}"
15,sawtooth_load,event_v041,1,,0,74.65082,25,5,"{""coherence_event"": 7, ""isaacs_escalation"": 7, ""recovery_stop"": 23, ""recovery_taper"": 11}"
16,sawtooth_load,bellman,1,,0,87.287783,48,48,"{""bellman"": 48}"
16,sawtooth_load,event_v041,1,,0,73.899198,25,5,"{""coherence_event"": 8, ""isaacs_escalation"": 5, ""recovery_lockout"": 2, ""recovery_stop"": 23, ""recovery_taper"": 10}"
17,sawtooth_load,bellman,1,,0,90.909387,48,48,"{""bellman"": 48}"
17,sawtooth_load,event_v041,1,,0,76.236828,26,6,"{""coherence_event"": 3, ""isaacs_escalation"": 11, ""recovery_lockout"": 1, ""recovery_stop"": 22, ""recovery_taper"": 11}"
18,sawtooth_load,bellman,1,,0,89.632274,48,48,"{""bellman"": 48}"
18,sawtooth_load,event_v041,1,,0,73.277654,23,5,"{""coherence_event"": 5, ""isaacs_escalation"": 7, ""recovery_lockout"": 1, ""recovery_stop"": 25, ""recovery_taper"": 10}"
19,sawtooth_load,bellman,1,,0,91.592431,48,48,"{""bellman"": 48}"
19,sawtooth_load,event_v041,1,,0,73.501124,25,5,"{""coherence_event"": 10, ""isaacs_escalation"": 5, ""recovery_lockout"": 1, ""recovery_stop"": 23, ""recovery_taper"": 9}"
20,sawtooth_load,bellman,1,,0,89.415465,48,48,"{""bellman"": 48}"
20,sawtooth_load,event_v041,1,,0,73.682417,24,6,"{""coherence_event"": 7, ""isaacs_escalation"": 6, ""recovery_lockout"": 2, ""recovery_stop"": 24, ""recovery_taper"": 9}"
21,sawtooth_load,bellman,1,,0,86.305062,48,48,"{""bellman"": 48}"
21,sawtooth_load,event_v041,1,,0,73.747893,24,5,"{""coherence_event"": 8, ""isaacs_escalation"": 6, ""recovery_stop"": 24, ""recovery_taper"": 10}"
22,sawtooth_load,bellman,1,,0,90.374181,48,48,"{""bellman"": 48}"
22,sawtooth_load,event_v041,1,,0,74.893657,26,5,"{""coherence_event"": 8, ""isaacs_escalation"": 8, ""recovery_stop"": 22, ""recovery_taper"": 10}"
23,sawtooth_load,bellman,1,,0,89.092263,48,48,"{""bellman"": 48}"
23,sawtooth_load,event_v041,1,,0,75.483698,25,5,"{""coherence_event"": 2, ""isaacs_escalation"": 10, ""recovery_stop"": 23, ""recovery_taper"": 13}"
24,sawtooth_load,bellman,1,,0,91.799627,48,48,"{""bellman"": 48}"
24,sawtooth_load,event_v041,1,,0,73.793474,24,5,"{""coherence_event"": 6, ""isaacs_escalation"": 7, ""recovery_lockout"": 1, ""recovery_stop"": 24, ""recovery_taper"": 10}"
25,partial_cooling,bellman,1,,0,79.580221,48,48,"{""bellman"": 48}"
25,partial_cooling,event_v041,1,,0,62.621225,18,7,"{""coherence_event"": 5, ""hamiltonian_hold"": 1, ""isaacs_escalation"": 3, ""recovery_stop"": 29, ""recovery_taper"": 10}"
26,partial_cooling,bellman,1,,0,78.609481,48,48,"{""bellman"": 48}"
26,partial_cooling,event_v041,1,,0,63.552637,17,10,"{""coherence_event"": 3, ""hamiltonian_hold"": 1, ""isaacs_escalation"": 8, ""recovery_lockout"": 2, ""recovery_stop"": 30, ""recovery_taper"": 4}"
27,partial_cooling,bellman,1,,0,80.73909,48,48,"{""bellman"": 48}"
27,partial_cooling,event_v041,1,,0,63.231269,17,9,"{""coherence_event"": 3, ""hamiltonian_hold"": 1, ""isaacs_escalation"": 7, ""recovery_lockout"": 2, ""recovery_stop"": 30, ""recovery_taper"": 5}"
28,partial_cooling,bellman,1,,0,78.875456,48,48,"{""bellman"": 48}"
28,partial_cooling,event_v041,1,,0,63.809633,18,9,"{""coherence_event"": 4, ""isaacs_escalation"": 7, ""recovery_lockout"": 1, ""recovery_stop"": 30, ""recovery_taper"": 6}"
29,partial_cooling,bellman,1,,0,81.443092,48,48,"{""bellman"": 48}"
29,partial_cooling,event_v041,1,,0,60.752461,16,5,"{""coherence_event"": 4, ""hamiltonian_hold"": 1, ""isaacs_escalation"": 3, ""recovery_lockout"": 2, ""recovery_stop"": 31, ""recovery_taper"": 7}"
30,partial_cooling,bellman,1,,0,78.856323,48,48,"{""bellman"": 48}"
30,partial_cooling,event_v041,1,,0,61.508674,16,8,"{""coherence_event"": 4, ""hamiltonian_hold"": 1, ""isaacs_escalation"": 5, ""recovery_lockout"": 1, ""recovery_stop"": 31, ""recovery_taper"": 6}"
31,partial_cooling,bellman,1,,0,78.327453,48,48,"{""bellman"": 48}"
31,partial_cooling,event_v041,1,,0,62.558671,16,9,"{""coherence_event"": 2, ""hamiltonian_hold"": 1, ""isaacs_escalation"": 8, ""recovery_lockout"": 2, ""recovery_stop"": 31, ""recovery_taper"": 4}"
32,partial_cooling,bellman,1,,0,79.591824,48,48,"{""bellman"": 48}"
32,partial_cooling,event_v041,1,,0,62.793988,18,8,"{""coherence_event"": 2, ""hamiltonian_hold"": 1, ""isaacs_escalation"": 7, ""recovery_lockout"": 2, ""recovery_stop"": 29, ""recovery_taper"": 7}"
33,partial_cooling,bellman,1,,0,79.553687,48,48,"{""bellman"": 48}"
33,partial_cooling,event_v041,1,,0,63.565087,17,11,"{""coherence_event"": 2, ""hamiltonian_hold"": 1, ""isaacs_escalation"": 10, ""recovery_lockout"": 2, ""recovery_stop"": 30, ""recovery_taper"": 3}"
34,partial_cooling,bellman,1,,0,81.751796,48,48,"{""bellman"": 48}"
34,partial_cooling,event_v041,1,,0,64.381825,19,9,"{""coherence_event"": 2, ""isaacs_escalation"": 9, ""recovery_lockout"": 2, ""recovery_stop"": 29, ""recovery_taper"": 6}"
35,partial_cooling,bellman,1,,0,79.134132,48,48,"{""bellman"": 48}"
35,partial_cooling,event_v041,1,,0,61.662935,16,7,"{""coherence_event"": 1, ""hamiltonian_hold"": 1, ""isaacs_escalation"": 7, ""recovery_lockout"": 1, ""recovery_stop"": 31, ""recovery_taper"": 7}"
36,partial_cooling,bellman,1,,0,77.858497,48,48,"{""bellman"": 48}"
36,partial_cooling,event_v041,1,,0,62.16503,16,9,"{""coherence_event"": 1, ""hamiltonian_hold"": 1, ""isaacs_escalation"": 8, ""recovery_lockout"": 3, ""recovery_stop"": 31, ""recovery_taper"": 4}"
37,sensor_freeze,bellman,1,,0,77.825208,48,48,"{""bellman"": 48}"
37,sensor_freeze,event_v041,1,,0,59.523473,13,5,"{""coherence_event"": 2, ""isaacs_escalation"": 6, ""recovery_lockout"": 4, ""recovery_stop"": 34, ""recovery_taper"": 2}"
38,sensor_freeze,bellman,1,,0,73.550694,47,47,"{""bellman"": 47, ""no_safe_action"": 1}"
38,sensor_freeze,event_v041,1,,0,59.852626,12,6,"{""isaacs_escalation"": 7, ""recovery_lockout"": 3, ""recovery_stop"": 35, ""recovery_taper"": 3}"
39,sensor_freeze,bellman,1,,0,82.489126,48,48,"{""bellman"": 48}"
39,sensor_freeze,event_v041,1,,0,59.935995,15,6,"{""coherence_event"": 3, ""isaacs_escalation"": 6, ""recovery_lockout"": 4, ""recovery_stop"": 32, ""recovery_taper"": 3}"
40,sensor_freeze,bellman,1,,0,79.768727,48,48,"{""bellman"": 48}"
40,sensor_freeze,event_v041,1,,0,58.059922,11,6,"{""coherence_event"": 3, ""isaacs_escalation"": 5, ""recovery_lockout"": 3, ""recovery_stop"": 35, ""recovery_taper"": 2}"
41,sensor_freeze,bellman,1,,0,75.832894,48,48,"{""bellman"": 48}"
41,sensor_freeze,event_v041,1,,0,58.472242,10,6,"{""coherence_event"": 3, ""isaacs_escalation"": 4, ""recovery_lockout"": 3, ""recovery_stop"": 37, ""recovery_taper"": 1}"
42,sensor_freeze,bellman,1,,0,77.972497,48,48,"{""bellman"": 48}"
42,sensor_freeze,event_v041,1,,0,57.850358,14,2,"{""coherence_event"": 2, ""isaacs_escalation"": 2, ""recovery_lockout"": 5, ""recovery_stop"": 34, ""recovery_taper"": 5}"
43,sensor_freeze,bellman,1,,0,73.491351,48,48,"{""bellman"": 48}"
43,sensor_freeze,event_v041,1,,0,57.72247,13,3,"{""coherence_event"": 2, ""isaacs_escalation"": 3, ""recovery_lockout"": 5, ""recovery_stop"": 34, ""recovery_taper"": 4}"
44,sensor_freeze,bellman,1,,0,81.805064,48,48,"{""bellman"": 48}"
44,sensor_freeze,event_v041,1,,0,59.85919,15,5,"{""coherence_event"": 2, ""isaacs_escalation"": 6, ""recovery_lockout"": 5, ""recovery_stop"": 31, ""recovery_taper"": 4}"
45,sensor_freeze,bellman,1,,0,76.498474,48,48,"{""bellman"": 48}"
45,sensor_freeze,event_v041,1,,0,59.085133,15,3,"{""coherence_event"": 2, ""isaacs_escalation"": 6, ""recovery_lockout"": 4, ""recovery_stop"": 30, ""recovery_taper"": 6}"
46,sensor_freeze,bellman,1,,0,73.851591,48,48,"{""bellman"": 48}"
46,sensor_freeze,event_v041,1,,0,57.563771,11,4,"{""coherence_event"": 4, ""isaacs_escalation"": 1, ""recovery_lockout"": 3, ""recovery_stop"": 36, ""recovery_taper"": 4}"
47,sensor_freeze,bellman,1,,0,77.8666,48,48,"{""bellman"": 48}"
47,sensor_freeze,event_v041,1,,0,58.275606,12,4,"{""coherence_event"": 3, ""isaacs_escalation"": 4, ""recovery_lockout"": 2, ""recovery_stop"": 34, ""recovery_taper"": 5}"
48,sensor_freeze,bellman,1,,0,76.745515,48,48,"{""bellman"": 48}"
48,sensor_freeze,event_v041,1,,0,58.357332,12,4,"{""coherence_event"": 2, ""isaacs_escalation"": 5, ""recovery_lockout"": 2, ""recovery_stop"": 34, ""recovery_taper"": 5}"
49,variable_latency,bellman,1,,0,79.833913,47,48,"{""bellman"": 48}"
49,variable_latency,event_v041,1,,0,60.593952,14,5,"{""coherence_event"": 1, ""isaacs_escalation"": 9, ""recovery_stop"": 34, ""recovery_taper"": 4}"
50,variable_latency,bellman,1,,0,77.108723,47,48,"{""bellman"": 48}"
50,variable_latency,event_v041,1,,0,60.504234,14,5,"{""coherence_event"": 1, ""isaacs_escalation"": 9, ""recovery_stop"": 34, ""recovery_taper"": 4}"
51,variable_latency,bellman,1,,0,70.817551,47,48,"{""bellman"": 48}"
51,variable_latency,event_v041,1,,0,57.454404,10,4,"{""coherence_event"": 1, ""isaacs_escalation"": 6, ""recovery_stop"": 37, ""recovery_taper"": 4}"
52,variable_latency,bellman,1,,0,74.860949,47,48,"{""bellman"": 48}"
52,variable_latency,event_v041,1,,0,58.783567,12,4,"{""isaacs_escalation"": 8, ""recovery_stop"": 36, ""recovery_taper"": 4}"
53,variable_latency,bellman,1,,0,71.230079,47,48,"{""bellman"": 48}"
53,variable_latency,event_v041,1,,0,58.225022,12,4,"{""isaacs_escalation"": 8, ""recovery_stop"": 36, ""recovery_taper"": 4}"
54,variable_latency,bellman,1,,0,80.857633,47,48,"{""bellman"": 48}"
54,variable_latency,event_v041,1,,0,58.827677,13,4,"{""isaacs_escalation"": 8, ""recovery_stop"": 35, ""recovery_taper"": 5}"
55,variable_latency,bellman,1,,0,76.394354,47,48,"{""bellman"": 48}"
55,variable_latency,event_v041,1,,0,58.558003,12,4,"{""isaacs_escalation"": 8, ""recovery_stop"": 36, ""recovery_taper"": 4}"
56,variable_latency,bellman,1,,0,74.576038,47,48,"{""bellman"": 48}"
56,variable_latency,event_v041,1,,0,58.203373,13,5,"{""coherence_event"": 1, ""isaacs_escalation"": 8, ""recovery_stop"": 34, ""recovery_taper"": 5}"
57,variable_latency,bellman,1,,0,75.445546,47,48,"{""bellman"": 48}"
57,variable_latency,event_v041,1,,0,56.958694,10,4,"{""coherence_event"": 1, ""isaacs_escalation"": 6, ""recovery_stop"": 37, ""recovery_taper"": 4}"
58,variable_latency,bellman,1,,0,73.251892,47,48,"{""bellman"": 48}"
58,variable_latency,event_v041,1,,0,57.834753,11,4,"{""isaacs_escalation"": 8, ""recovery_stop"": 37, ""recovery_taper"": 3}"
59,variable_latency,bellman,1,,0,80.072113,47,48,"{""bellman"": 48}"
59,variable_latency,event_v041,1,,0,58.822252,12,4,"{""coherence_event"": 1, ""isaacs_escalation"": 7, ""recovery_stop"": 36, ""recovery_taper"": 4}"
60,variable_latency,bellman,1,,0,74.8522,47,48,"{""bellman"": 48}"
60,variable_latency,event_v041,1,,0,58.802706,12,5,"{""isaacs_escalation"": 9, ""recovery_stop"": 35, ""recovery_taper"": 4}"
61,cascade,bellman,1,,0,83.217683,47,48,"{""bellman"": 48}"
61,cascade,event_v041,1,,0,71.690078,28,4,"{""coherence_event"": 3, ""isaacs_escalation"": 13, ""recovery_lockout"": 2, ""recovery_stop"": 20, ""recovery_taper"": 10}"
62,cascade,bellman,1,,0,84.363391,47,48,"{""bellman"": 48}"
62,cascade,event_v041,1,,0,67.710372,21,6,"{""coherence_event"": 2, ""hamiltonian_hold"": 6, ""isaacs_escalation"": 10, ""recovery_lockout"": 1, ""recovery_stop"": 20, ""recovery_taper"": 9}"
63,cascade,bellman,1,,0,83.0034,47,48,"{""bellman"": 48}"
63,cascade,event_v041,1,,0,68.409067,23,5,"{""coherence_event"": 2, ""isaacs_escalation"": 13, ""recovery_stop"": 24, ""recovery_taper"": 9}"
64,cascade,bellman,1,,0,84.585253,47,48,"{""bellman"": 48}"
64,cascade,event_v041,1,,0,69.010394,25,4,"{""coherence_event"": 2, ""isaacs_escalation"": 13, ""recovery_lockout"": 1, ""recovery_stop"": 22, ""recovery_taper"": 10}"
65,cascade,bellman,1,,0,83.983691,47,48,"{""bellman"": 48}"
65,cascade,event_v041,1,,0,69.150693,25,5,"{""coherence_event"": 3, ""isaacs_escalation"": 11, ""recovery_lockout"": 1, ""recovery_stop"": 22, ""recovery_taper"": 11}"
66,cascade,bellman,1,,0,82.521072,47,48,"{""bellman"": 48}"
66,cascade,event_v041,1,,0,70.842538,27,5,"{""coherence_event"": 3, ""isaacs_escalation"": 13, ""recovery_lockout"": 2, ""recovery_stop"": 20, ""recovery_taper"": 10}"
67,cascade,bellman,1,,0,83.301762,47,48,"{""bellman"": 48}"
67,cascade,event_v041,1,,0,72.463709,31,4,"{""coherence_event"": 3, ""isaacs_escalation"": 13, ""recovery_lockout"": 2, ""recovery_stop"": 16, ""recovery_taper"": 14}"
68,cascade,bellman,1,,0,82.370422,47,48,"{""bellman"": 48}"
68,cascade,event_v041,1,,0,68.845691,22,6,"{""coherence_event"": 2, ""isaacs_escalation"": 12, ""recovery_stop"": 25, ""recovery_taper"": 9}"
69,cascade,bellman,1,,0,84.140698,47,48,"{""bellman"": 48}"
69,cascade,event_v041,1,,0,68.954321,23,6,"{""coherence_event"": 1, ""hamiltonian_hold"": 2, ""isaacs_escalation"": 12, ""recovery_lockout"": 1, ""recovery_stop"": 22, ""recovery_taper"": 10}"
70,cascade,bellman,1,,0,82.565881,47,48,"{""bellman"": 48}"
70,cascade,event_v041,1,,0,70.273891,24,5,"{""coherence_event"": 2, ""isaacs_escalation"": 11, ""recovery_lockout"": 3, ""recovery_stop"": 23, ""recovery_taper"": 9}"
71,cascade,bellman,1,,0,82.216532,47,48,"{""bellman"": 48}"
71,cascade,event_v041,1,,0,70.549805,25,5,"{""coherence_event"": 3, ""isaacs_escalation"": 12, ""recovery_lockout"": 4, ""recovery_stop"": 22, ""recovery_taper"": 7}"
72,cascade,bellman,1,,0,82.791274,47,48,"{""bellman"": 48}"
72,cascade,event_v041,1,,0,72.045281,28,5,"{""coherence_event"": 1, ""isaacs_escalation"": 14, ""recovery_lockout"": 3, ""recovery_stop"": 19, ""recovery_taper"": 11}"
