model,family,configuration,false_positives,false_negatives,true_positives,true_negatives,modeled_cost,recall,precision,f1,balanced_accuracy,heavy_model_roc_auc,full_model_calls,full_model_calls_avoided,full_model_call_reduction_pct,relative_cost_change_pct,missed_failure_change,passes_operational_gate
SGD Logistic,Online/linear learning,Full model on every record,660,16,359,14965,14600,0.9573333333333334,0.352306182531894,0.5150645624103299,0.9575466666666667,0.9749083306666667,16000,0,0.0,0.0,0,False
SGD Logistic,Online/linear learning,Δ.72 coherence gate + full model,649,16,359,14976,14490,0.9573333333333334,0.35615079365079366,0.5191612436731743,0.9578986666666667,0.9749083306666667,1547,14453,90.33125,-0.7534246575342466,0,True
Gaussian Naive Bayes,Probabilistic generative,Full model on every record,870,11,364,14755,14200,0.9706666666666667,0.29497568881685576,0.45245494095711625,0.9574933333333333,0.9752521386666666,16000,0,0.0,0.0,0,False
Gaussian Naive Bayes,Probabilistic generative,Δ.72 coherence gate + full model,760,11,364,14865,13100,0.9706666666666667,0.3238434163701068,0.485657104736491,0.9610133333333333,0.9752521386666666,1547,14453,90.33125,-7.746478873239437,0,True
Random Forest,Bagged tree ensemble,Full model on every record,423,16,359,15202,12230,0.9573333333333334,0.45907928388746805,0.6205704407951599,0.9651306666666667,0.9923593386666667,16000,0,0.0,0.0,0,False
Random Forest,Bagged tree ensemble,Δ.72 coherence gate + full model,415,16,359,15210,12150,0.9573333333333334,0.46382428940568476,0.6248912097476066,0.9653866666666666,0.9923593386666667,2287,13713,85.70625000000001,-0.6541291905151267,0,True
Histogram Gradient Boosting,Boosted tree ensemble,Full model on every record,400,16,359,15225,12000,0.9573333333333334,0.47299077733860345,0.6331569664902998,0.9658666666666667,0.9920285013333334,16000,0,0.0,0.0,0,False
Histogram Gradient Boosting,Boosted tree ensemble,Δ.72 coherence gate + full model,389,16,359,15236,11890,0.9573333333333334,0.4799465240641711,0.6393588601959038,0.9662186666666667,0.9920285013333334,2287,13713,85.70625000000001,-0.9166666666666666,0,True
CatBoost,Boosted tree ensemble,Full model on every record,534,10,365,15091,10340,0.9733333333333334,0.40600667408231367,0.5729984301412873,0.9695786666666667,0.9945867946666667,16000,0,0.0,0.0,0,False
CatBoost,Boosted tree ensemble,Δ.72 coherence gate + full model,522,10,365,15103,10220,0.9733333333333334,0.41149943630214203,0.5784469096671949,0.9699626666666668,0.9945867946666667,2287,13713,85.70625000000001,-1.1605415860735009,0,True
XGBoost,Boosted tree ensemble,Full model on every record,377,13,362,15248,10270,0.9653333333333334,0.489851150202977,0.6499102333931778,0.9706026666666668,0.9952868693333332,16000,0,0.0,0.0,0,False
XGBoost,Boosted tree ensemble,Δ.72 coherence gate + full model,354,13,362,15271,10040,0.9653333333333334,0.505586592178771,0.6636113657195234,0.9713386666666668,0.9952868693333332,1547,14453,90.33125,-2.239532619279455,0,True
LightGBM,Boosted tree ensemble,Full model on every record,478,12,363,15147,10780,0.968,0.431629013079667,0.5970394736842105,0.968704,0.9946477226666668,16000,0,0.0,0.0,0,False
LightGBM,Boosted tree ensemble,Δ.72 coherence gate + full model,448,12,363,15177,10480,0.968,0.4475955610357583,0.612141652613828,0.969664,0.9946477226666668,2287,13713,85.70625000000001,-2.782931354359926,0,True
Extra Trees,Randomized tree ensemble,Full model on every record,841,6,369,14784,11410,0.984,0.3049586776859504,0.4656151419558359,0.965088,,16000,0,0.0,0.0,0,False
Extra Trees,Randomized tree ensemble,Δ.72 coherence gate + full model,740,6,369,14885,10400,0.984,0.3327321911632101,0.49730458221024265,0.9683200000000001,,2292,13708,85.675,-8.85188431200701,0,True
MLP Neural Network,Feed-forward neural network,Full model on every record,422,38,337,15203,23220,0.8986666666666666,0.4440052700922266,0.5943562610229277,0.9358293333333332,0.9637632,16000,0,0.0,0.0,0,False
MLP Neural Network,Feed-forward neural network,Δ.72 coherence gate + full model,299,43,332,15326,24490,0.8853333333333333,0.526148969889065,0.6600397614314115,0.9330986666666666,0.9637632,1142,14858,92.8625,5.4694229112833765,5,False
