RUL horizon,Method,Precision,Recall,F1,Eligible engines,Detection %,Mean first-alert RUL,False alerts / engine
20,CE contextual relational,0.5727272727272675,0.6631578947368352,0.6146341463409601,47,78.72340425531915,15.864864864864865,0.1902834008097166
20,CE no operating context,0.022583559168925016,0.789473684210518,0.04391100702570702,47,80.85106382978722,18.026315789473685,13.1417004048583
20,EWMA contextual,0.47222222222221893,0.715789473684203,0.5690376569032819,47,78.72340425531915,16.81081081081081,0.3076923076923077
20,Isolation Forest,0.10604332953249702,0.9789473684210424,0.19135802469118127,47,100.0,17.680851063829788,3.174089068825911
20,Logistic Regression,0.6699029126213527,0.7263157894736766,0.6969696969691906,47,87.2340425531915,15.75609756097561,0.13765182186234817
30,CE contextual relational,0.6342592592592563,0.6462264150943365,0.6401869158873474,60,81.66666666666667,23.102040816326532,0.31983805668016196
30,CE no operating context,0.04630039875941514,0.985849056603769,0.08844688954710006,60,100.0,27.7,17.42914979757085
30,EWMA contextual,0.6299559471365611,0.6745283018867892,0.6514806378127094,60,85.0,23.431372549019606,0.340080971659919
30,Isolation Forest,0.21550741163055848,0.89150943396226,0.34710743801621474,60,96.66666666666667,26.103448275862068,2.785425101214575
30,Logistic Regression,0.6093749999999976,0.7358490566037701,0.6666666666661681,60,91.66666666666666,23.745454545454546,0.4048582995951417
50,CE contextual relational,0.6084905660377349,0.7558593749999984,0.6742160278740691,86,94.18604651162791,41.135802469135804,1.008097165991903
50,CE no operating context,0.11120957022596364,0.980468749999998,0.19976124154378827,86,98.83720930232558,47.49411764705882,16.242914979757085
50,EWMA contextual,0.6137123745819387,0.7167968749999986,0.661261261260763,86,90.69767441860465,40.51282051282051,0.9352226720647774
50,Isolation Forest,0.42531356898517625,0.7285156249999986,0.5370770338368267,86,91.86046511627907,40.34177215189873,2.0404858299595143
50,Logistic Regression,0.5810593900481531,0.7070312499999986,0.6378854625545696,86,88.37209302325581,39.31578947368421,1.05668016194332
