record_id,dataset,implementation_boundary,evidence_class,source_record_date,status,engine_result,comparator_result,limitation
scania-gate-v2,Scania APS locked 16000-record test,Saved-model workflow with coherence gate v2; distinct from exact canonical v0.1 core,Internal locked benchmark,2026-09-27,PASS,"Heavy evaluations 16000 to 2292; false positives 841 to 740; false negatives unchanged at 6; modeled cost 11410 to 10400",Ungated saved-model workflow,"85.675% reduction in heavy evaluations; modeled cost is not measured energy or deployed savings"
nasa-fd001-v01,NASA C-MAPSS FD001,Exact canonical v0.1 owner core,Internal benchmark,2026-09-27,MIXED,"100/100 engines detected; median lead 125 cycles; 3.86 false alerts per engine",Not specified in this source summary,"Detection and lead gates passed; premature-alert criterion failed; not a full benchmark pass"
metropt3-v01,MetroPT-3,Exact canonical v0.1 owner core,Internal field-data benchmark,2026-09-27,FAIL,"2/2 failures; lead 8.17 and 16.67 hours; 26.31 false episodes per 30 nonfault days","Two simple comparators each detected 0/2 failures with 0 false episodes",Early sensitivity did not meet alert-burden gate
metropt-v3-development,MetroPT-3 and MetroPT2,New v3 development branch,Development only,2026-09-27,DEVELOPMENT_PASS_EXTERNAL_PENDING,"6/6 known failures; MetroPT2 2.09 and MetroPT3 2.35 false episodes per 30 nonfault days",Not summarized here,"MetroPT2 exposed during development; new independent holdout required; previous external failure retained"
bdg2-development,Building Data Genome 2 four development buildings,Exact v0.1 owner core,Internal development-data benchmark,2026-09-27,FAIL,"35/108 events; recall 32.4%; false-alert-hour rate 8.74%","90/108 events; recall 83.3%; false-alert-hour rate 7.51%",Comparator stronger on recorded metrics
bdg2-holdout,Building Data Genome 2 nine previously unused buildings,Same frozen v0.1 core and adapter,Internal untouched-building holdout,2026-09-27,FAIL,"75/201 events; recall 37.3%; false-alert-hour rate 21.20%","134/201 events; recall 66.7%; false-alert-hour rate 3.45%",Negative result retained without retuning
iflex-v01,iFlex 383 households,Exact canonical v0.1 owner core,Internal smart-meter benchmark,2026-09-27,FAIL,"0/3 events; 0 false-alert hours","0/3 events; 1 false-alert hour",Original mechanical PASS rejected because neither method detected events
skab-v01,SKAB industrial water testbed,Exact canonical v0.1 owner core,Internal physical-testbed-data benchmark,2026-09-27,FAIL,"34/34 events; median delay 0; 26.15 false alerts per 1000 normal samples","34/34 events; median delay 0; 14.67 false alerts per 1000 normal samples",Matched detection with worse nuisance alerts; distinct from other SKAB branches
olist-v01,Olist fulfillment outcomes,Exact canonical v0.1 owner core,Internal historical-data benchmark,2026-09-27,FAIL,"0/5 events; false-alert-day rate 6.76%","4/5 events; median lead 7 days; false-alert-day rate 45.89%",Lower alert burden did not compensate for zero event detection
optical-distinct-v1,Photonic hyperentanglement detector-count dataset,Frozen experimental cofluctuation observable; not a production-core validation,Internal optical falsification study,2026-10-06,FAIL,"Raw median disappearance 22.30%; global-normalized -19.80%; pair-normalized 0.00%",Desynchronization control,"Six files; zero passed per representation; pair-normalized control non-informative; no universal optical claim supported"
